{
  "project_info": {
    "project_number": "562461045714",
    "project_id": "adoppet-98cf3",
    "storage_bucket": "adoppet-98cf3.appspot.com"
  },
  "client": [
    {
      "client_info": {
        "mobilesdk_app_id": "1:562461045714:android:8139b9ce0b8874ec838e0b",
        "android_client_info": {
          "package_name": "com.example.adopt_me"
        }
      },
      "oauth_client": [
        {
          "client_id": "562461045714-bfru0auqj70siouajna01o718dk061tq.apps.googleusercontent.com",
          "client_type": 3
        }
      ],
      "api_key": [
        {
          "current_key": "AIzaSyD2aUJ_3E4C5TtUKXm1fF-3b5R1RQ74GgI"
        }
      ],
      "services": {
        "appinvite_service": {
          "other_platform_oauth_client": [
            {
              "client_id": "562461045714-bfru0auqj70siouajna01o718dk061tq.apps.googleusercontent.com",
              "client_type": 3
            },
            {
              "client_id": "562461045714-5upg6e9sd7ejc0en7d3okrg7se9pv658.apps.googleusercontent.com",
              "client_type": 2,
              "ios_info": {
                "bundle_id": "com.example.adoptMe"
              }
            }
          ]
        }
      }
    }
  ],
  "configuration_version": "1"
}